Test 1,E:,Read,Random,Blocks 8K,Run 1,607911.75,4749.31,0.684,45.36%
Test 2,E:,Read,Sequential,Blocks 8K,Run 1,597854.13,4670.74,0.696,45.22%
Test 3,E:,Write,Random,Blocks 8K,Run 1,30687.39,239.75,13.552,2.21%
Test 4,E:,Write,Sequential,Blocks 8K,Run 1,53074.63,414.65,7.838,1.88%
Test 5,E:,Read,Random,Blocks 64K,Run 1,634780.47,39673.78,0.655,46.73%
Test 6,E:,Read,Sequential,Blocks 64K,Run 1,599905.56,37494.10,0.693,46.69%
Test 7,E:,Write,Random,Blocks 64K,Run 1,19609.09,1225.57,21.216,1.09%
Test 8,E:,Write,Sequential,Blocks 64K,Run 1,57574.32,3598.39,7.226,2.16%
