Test N#, Drive, Operation, Access, Blocks, Run N#, IOPS, MB/sec, Latency ms, CPU %
Test 1,C:,Read,Random,Blocks 4K,Run 1,73435.89,286.86,1.743,4.23%
Test 2,C:,Read,Sequential,Blocks 4K,Run 1,72798.17,284.37,1.758,4.30%
Test 3,C:,Write,Random,Blocks 4K,Run 1,46754.82,182.64,2.737,3.61%
Test 4,C:,Write,Sequential,Blocks 4K,Run 1,46070.40,179.96,2.778,3.74%
Test 5,C:,Read,Random,Blocks 8K,Run 1,60146.67,469.90,2.128,3.09%
Test 6,C:,Read,Sequential,Blocks 8K,Run 1,60799.70,475.00,2.105,3.04%
Test 7,C:,Write,Random,Blocks 8K,Run 1,24692.69,192.91,5.183,2.44%
Test 8,C:,Write,Sequential,Blocks 8K,Run 1,24365.14,190.35,5.253,2.27%
Test 9,C:,Read,Random,Blocks 64K,Run 1,11756.20,734.76,10.887,0.83%
Test 10,C:,Read,Sequential,Blocks 64K,Run 1,11724.52,732.78,10.917,0.85%
Test 11,C:,Write,Random,Blocks 64K,Run 1,3098.55,193.66,41.306,0.57%
Test 12,C:,Write,Sequential,Blocks 64K,Run 1,3099.64,193.73,41.294,0.58%
Test 13,C:,Read,Random,Blocks 512K,Run 1,1483.90,741.95,86.258,0.52%
Test 14,C:,Read,Sequential,Blocks 512K,Run 1,1486.03,743.02,86.136,0.55%
Test 15,C:,Write,Random,Blocks 512K,Run 1,389.67,194.84,328.513,0.40%
Test 16,C:,Write,Sequential,Blocks 512K,Run 1,377.84,188.92,338.804,0.60%